params,f1score,modularity,precision,recall,conductance
year_result_0.01_5,0.38339249300395173,0.8148693204880678,0.24484764803548667,0.8830693780228415,0.0167164946796541
year_result_0.01_5,0.5730119048738825,0.8718668747647919,0.4338400838999114,0.843645428312086,0.06869836371234771
year_result_0.01_5,0.3846983034544129,0.6847263309972984,0.2734387991208077,0.6486120331106987,0.09981676150062686
year_result_0.01_5,0.7478965840389394,0.7590256785262773,0.7108247641666665,0.7890479996748541,0.23894943260359405
year_result_0.01_5,0.8583043147466898,0.935545714016983,0.7630075845652011,0.9808028396081991,0.02587841964831067
year_result_0.01_5,0.8408811122293198,0.9052959262148048,0.7784380782988615,0.9142156530692426,0.08679718391358858
year_result_0.01_5,0.4988166249983813,0.7692048329987077,0.38244353949422494,0.7169875225231328,0.12215899958208763
